vin	model	model_year	description	manufacturer	condition	vehicle_type	horsepower	fuel_type	colors	purchase_date	purchase_price	customer_seller	inventory_clerk	sale_date	customer_buyer	salesperson
01CHA2S3LWA849979	ET5	2023	air filtration system; check the Monroney sticker - theer is nothing better than this vehicle; 	Nio	Very Good	Convertible	177	Battery	Maroon	2023-05-13	27403.81	812418597	user21	2023-08-20	649248115	owner
0216UZ8NIB3005163	XINGYUE	2023		Geeley	Excellent	Convertible	184	Plugin Hybrid	Aluminum	2023-04-11	21252.90	087754715	user07	2023-06-09	917146407	owner
02XKB48A5UB828603	LR2	2014		Land Rover	Good	Convertible	169	Gas	Cream	2023-04-27	6579.43	712329540	user09	2023-05-08	313904048	user16
06U80HCPBYG352728	CL	2002	hatchback; 	Acura	Excellent	Van	298	Battery	Black	2023-05-02	4847.00	559983722	user17			
07XSZFNEBDW349840	COOPER	2007	sturdy rear axle assembly; 	MINI	Very Good	Minivan	254	Battery	Gold	2023-01-13	3474.57	801084912	user17	2023-06-18	289098127	user03
0D2HX2R6775123500	FORTWO	2015	can be used as sports car; 	smart	Very Good	Sedan	209	Battery	Gray	2022-12-12	10483.21	202765813	user11	2023-07-27	868715602	user23
0GXWO6TK0YG939311	FX45	2008		INFINITI	Very Good	CUV	287	Battery	Copper	2022-09-17	6082.82	732317837	user11	2022-10-26	740611372	user04
0H6SRXF8EP7967929	R1T	2023	original equipment manufacturer (OEM) parts; front axle assembly; 	Rivian	Fair	CUV	287	Gas	Gold	2022-10-18	10426.26	980497412	user05	2023-01-18	938929270	user25
0K3KCEYO5WR993877	RAIDER	2006	rear wheel drive; 	Mitsubishi	Very Good	Coupe	210	Hybrid	Cream,Turquoise	2022-08-25	5997.68	779146875	user02	2023-03-24	590937909	user19
0KAMFH817HG984940	CORVETTE	2005	wide transaxle; 	Chevrolet	Fair	Coupe	371	Gas	Bronze	2022-07-17	3552.44	180557460	user11	2022-09-15	629812240	user25
0KSVK7T0HVD586286	BRZ	2013	hatchback; 	Subaru	Fair	Van	316	Gas	Blue	2022-10-05	4698.20	766904975	user11			
0MRJ620G5FE640131	LACROSSE	2006	can be used as sports car; 	Buick	Fair	Minivan	198	Battery	Green	2022-10-25	2846.92	033375455	user15			
0OPU81GJG8C160079	ELISE	2008	high torque; wide cam; 	Lotus	Good	Coupe	330	Diesel	Black	2023-01-22	3074.72	031943406	user24			
0PT8CVJWV8T188907	ELDORADO	2002	sport utility vehicle-SUV; 	Cadillac	Fair	Van	354	Fuel Cell	Bronze	2023-03-05	1118.99	812418597	user24			
0QFCBGN24Y3098876	ARNAGE	2007		Bentley	Good	Coupe	308	Diesel	Blue	2022-08-07	5197.51	824643871	user20	2023-02-22	824643871	user25
0UWKB1SP7C0135655	R1T	2023	best suspension; 	Rivian	Excellent	Minivan	207	Gas	Green	2023-08-08	10450.29	704558763	user07			
11O1YZUFMFN275554	FOCUS	2013	crankcase; automatic transmission; very hard struts; 	Ford	Excellent	Minivan	201	Gas	Gray	2023-02-09	7351.52	556187762	user17	2023-08-27	203112624	user23
1HVL421OTR3071057	W4500 FORWARD	2005	small spark plug gap; 	GMC	Good	Van	292	Plugin Hybrid	Gold	2022-08-06	3989.05	722473507	user13	2023-07-25	766904975	user06
1UCBIT5YXDJ919563	C30	2010	high differential; 	Volvo	Very Good	Truck	320	Diesel	Aluminum	2022-08-10	5050.42	170197151	user07			
201DHVWO70I456603	PROMASTER 1500	2015		Ram	Excellent	CUV	265	Gas	Gold	2022-07-15	12508.11	392747745	user10	2023-04-10	914475403	user19
22EISXE65K7154002	ES8 NEW	2023	automatic transmission; minivan; 	Nio	Fair	Convertible	160	Battery	Red	2022-08-31	10954.50	457885161	user09	2023-07-16	971509095	user04
24G081632WM888163	RANGE ROVER SPORT	2012		Land Rover	Very Good	Sedan	154	Diesel	Gray	2023-06-01	3624.75	778214839	user24	2023-08-13	009295495	user23
26GJDWHYLTU230526	R1S NEW	2023		Rivian	Fair	Convertible	179	Gas	Metallic	2023-03-31	25881.29	712329540	user07	2023-07-08	938929270	user04
2J8FN6TAGEZ924085	MP4-12C	2012	can be used as sports car; 	McLaren	Fair	Convertible	155	Hybrid	Cream	2023-06-25	5218.55	446640568	user24			
2KJBD48273Y069356	F650CS ABS	2005	no backfire/backfiring; 	BMW	Very Good	Convertible	197	Plugin Hybrid	Gold	2023-01-12	8702.51	519824004	user11	2023-01-18	329866577	user19
2LBKYDFHTK3034814	S6	2009	drum brake; 	Audi	Excellent	Convertible	177	Gas	Copper	2023-01-06	9730.56	677936515	user02	2023-07-17	061387114	user03
2PKESKWHCJ4479804	OUTLANDER	2014	sport utility vehicle-SUV; 	Mitsubishi	Good	Minivan	217	Hybrid	Gold	2023-06-09	7571.39	189578947	user02	2023-07-29	629812240	user25
2UWYFE50XIB423887	CABRIO	2004		smart	Excellent	Minivan	226	Diesel	Beige	2022-11-30	6418.78	116667329	user15			
340D7EL25S2404955	330XI	2005	high volume cylinder; 	BMW	Very Good	Minivan	237	Gas	Pink	2023-07-09	2657.12	861158388	user02	2023-08-13	643263338	user19
3CKLOVNGZ51537051	760LI	2009	automatic safety features; rear wheel drive; best suspension; 	BMW	Very Good	CUV	308	Gas	Maroon	2023-02-01	10475.00	307192832	user20	2023-05-10	988602508	user16
3FFSR68RD0K441878	QUATTROPORTE	2005	pickup; disc brake; front axle assembly; 	Maserati	Excellent	SUV	349	Fuel Cell	Green	2023-03-08	3133.78	190389930	user21	2023-08-24	240171065	owner
3IU2B4ORS6A077319	FORTWO	2007	manual transmission; 	smart	Excellent	Van	358	Diesel	Cream	2023-08-29	7491.59	945585317	user12			
3J6IMNCNYTR099621	STS	2008	modern dashboard; 	Cadillac	Very Good	SUV	289	Gas	Blue	2022-07-25	8733.09	421317175	user24	2023-02-28	279776839	user25
3NO8BO4OGTL807840	G550	2015	four-wheel drive; disc brake; detail; 	Mercedes-Benz	Fair	SUV	281	Battery	Orange,Red,Turquoise	2023-05-08	12496.90	489738648	user15			
3POHTV1PFW1510449	RX-8	2006	pickup; 	MAZDA	Excellent	Coupe	356	Battery	Navy	2023-08-15	9754.03	847939559	user09			
3TJM4LZERLL108705	ACCENT	2008	unibody construction; 	Hyundai	Very Good	Sedan	164	Gas	Yellow	2023-04-25	6408.60	084398382	user17	2023-08-04	491580595	user19
41DPYVQZCO3181476	AVENTADOR	2012	automatic torque converter; 	Lamborghini	Fair	Minivan	204	Gas	Black	2022-12-01	16141.16	694670985	user02	2023-07-15	480436640	user16
42JDWI0F3D2375784	ALBEA	2009	can be used as sports car; unibody construction; 	FIAT	Excellent	Minivan	247	Plugin Hybrid	Rust	2023-07-11	9822.27	845147047	user24	2023-07-11	079459924	user19
447NADHKNTP823552	ROADSTER	2008	safe oil ring; 	Tesla	Fair	Truck	252	Gas	Aluminum,Copper,Turquoise	2023-04-03	11432.54	613205626	user02	2023-07-08	531825735	user06
4B5O8UZKPBZ854920	HHR	2008		Chevrolet	Fair	Van	316	Gas	Aluminum,Copper	2022-07-04	7131.61	850547815	user24	2023-08-30	613205626	user25
4GHCRLJOKT6083540	P7	2023	great stabilizer bar; 	XPeng	Very Good	Coupe	301	Gas	Maroon,Yellow	2023-05-25	18636.42	626322844	user10	2023-08-09	591437032	user16
4HPEB1IJDDY354518	WRANGLER	2007	good piston; 	Jeep	Very Good	Coupe	380	Plugin Hybrid	Copper	2023-02-28	4397.12	234661232	user07	2023-03-02	061387114	user06
4IHUPZ7L3E4517493	R1S NEW	2023	automatic safety features; air filtration system; modern dashboard; 	Rivian	Excellent	Coupe	276	Plugin Hybrid	Green	2022-10-05	25809.19	591437032	user05	2022-10-26	769826911	user16
52J1ULU58OB110991	COROLLA	2005	front axle assembly; drive shaft; 	Toyota	Very Good	CUV	297	Gas	Black,Red	2022-10-15	4833.43	867493304	user21			
54SZY4MKO6C114660	RAPIDE	2013	strong muffler; 	Aston Martin	Fair	Coupe	342	Fuel Cell	Red	2023-02-22	10253.15	216554083	user07	2023-08-17	955155656	user19
5MLXXEBOXNC754707	PATRIOT	2008	safe oil ring; engine displacement; 	Jeep	Fair	Van	334	Natural Gas	Brown	2023-05-03	6958.56	621462808	user20	2023-08-03	381212216	user06
5OU82GIFAQ3021868	SONATA	2012	rear wheel drive; automatic valves; 	Hyundai	Very Good	Convertible	160	Diesel	Pink,White	2023-07-25	10503.82	349754202	user24	2023-07-28	804412234	user06
5PUIFVQ6V3R308628	GRANTURISMO	2012		Maserati	Fair	Minivan	204	Gas	Claret,Gray	2022-10-24	5147.80	563576825	user18			
5QPBC4N5SPV612486	POLO	2013	station wagon (Also known as wagon.); 	Volkswagen	Very Good	Sedan	215	Hybrid	Brown	2022-09-29	4498.31	043141609	user15			
5RLTD3PDG7P142502	PHAETON	2004	unibody construction; superturbocharger; 	Volkswagen	Good	SUV	284	Gas	Green	2022-08-29	4365.50	234661232	user20			
60RPWRGZXAL689666	QUATTROPORTE	2011	very hard struts; ultra new transmission; hatchback; 	Maserati	Excellent	Truck	305	Diesel	Green	2023-05-26	5142.06	891541922	owner			
63IMJ2UQAPP800193	BOXSTER	2006	wide chassis; small spark plug gap; 	Porsche	Very Good	Coupe	389	Diesel	Green	2023-04-01	7719.63	559840282	user15			
6A6NQP7GZG0782604	P7	2021	great rpms; best radiator; 	XPeng	Very Good	CUV	300	Gas	Claret	2022-11-10	13266.07	565447868	owner			
6KAIF8AC3KG769914	DTS	2007	best suspension; 	Cadillac	Excellent	Convertible	155	Natural Gas	Yellow	2022-12-13	13087.82	519824004	user20	2023-07-09	334676702	user23
6O3JWO1Q4FP773157	G9	2022	great engine; great engine; 	XPeng	Excellent	Sedan	158	Gas	Turquoise	2023-01-05	14036.20	047228901	user07	2023-08-04	325090516	owner
6YHX7GHFZAR683239	R1T	2023		Rivian	Good	Van	341	Gas	Claret,Rose	2023-03-23	10410.04	886885026	user11	2023-03-24	524692391	user19
77YSCOERITP460658	MX-5 MIATA	2015	broad wheelbase; 	MAZDA	Very Good	Truck	310	Gas	Tan	2022-12-08	6374.91	168032201	user07			
7CY2WHON846872713	XK8	2006	pickup; 	Jaguar	Excellent	Truck	336	Gas	Claret,Red	2022-12-08	10623.74	672131657	user24	2023-02-17	845147047	user23
7D8A8QCVRII360920	F650GS	2003	convertible; 	BMW	Very Good	Convertible	172	Gas	Purple	2023-03-17	3232.97	566053758	user15	2023-07-27	801084912	owner
7DCA7GIBSL3385548	LAND CRUISER	2013		Toyota	Fair	Van	339	Gas	Rust	2023-01-13	7639.87	753836489	user21			
7DGPXJB8CVD797363	HIACE	2010	manual transmission; automatic torque converter; 	Toyota	Excellent	Sedan	111	Gas	Brown,Maroon,Metallic	2022-07-21	8351.52	682584187	user24	2023-02-18	585189026	owner
7HMSLYNNGHJ439820	CRF50F	2007	front axle assembly; no redline; 	Honda	Excellent	Minivan	253	Battery	Claret,Gold,Orange	2022-12-16	3040.93	812418597	user13			
7JA8DZH7CN4199183	SL600	2011		Mercedes-Benz	Fair	Convertible	165	Gas	Gold	2023-02-09	6178.89	249565760	user10			
7L2HF63NS64790085	TL	2004	sturdy rear axle assembly; 	Acura	Very Good	CUV	325	Gas	Maroon	2023-03-26	2052.36	018533690	user15			
7LOJS05DQA3004955	ACCENT	2014	engine displacement; 	Hyundai	Excellent	Minivan	198	Gas	Blue	2022-11-02	7639.79	643263338	user20	2023-05-05	482826267	user16
7NZJI4NR80U192007	RANGE ROVER SPORT	2009	front wheel drive; active safety features; 	Land Rover	Good	CUV	296	Gas	Rose	2022-09-21	3468.00	886885026	owner			
7QRXAX01CS1186500	MP4-12C	2013		McLaren	Very Good	Minivan	256	Gas	Orange	2022-12-10	5183.04	595283241	owner			
7RCMKD0P62B359074	IMPALA	2008	front axle assembly; 	Chevrolet	Fair	Convertible	174	Gas	Aluminum,Red	2022-08-15	7384.81	983685043	user02	2023-02-21	954824113	owner
7TQARECS56V791799	HILUX	2012	autotachometer; 	Toyota	Very Good	Coupe	382	Diesel	Orange	2023-06-05	3891.39	138971205	user07	2023-08-21	531825735	user23
7XQ1OO4FTRB936926	FX45	2003	best sedan; 	INFINITI	Good	Sedan	130	Gas	Maroon	2023-05-29	3047.87	824643871	user18			
7Z0JVSYGTZW815756	ATS	2013	coupe; 	Cadillac	Excellent	SUV	283	Gas	Silver	2023-04-23	13074.65	826754590	user07	2023-06-13	006502052	owner
8FB7BNANRI4354099	ES330	2006	sturdy rear axle assembly; 	Lexus	Fair	Convertible	184	Diesel	Blue	2022-09-13	3584.70	313904048	user12			
8H3HKCNSFNN008758	ILX	2015		Acura	Excellent	Van	312	Gas	Aluminum	2022-11-05	14014.45	988602508	user12	2023-05-27	421317175	user04
8HR5FE1G22P233789	GHIBLI	2014	check the Monroney sticker - theer is nothing better than this vehicle; best possible traction; 	Maserati	Very Good	Truck	345	Gas	Navy	2022-07-17	21929.28	824643871	user05			
8UQ6FLIO3Q2734346	KA	2005	original equipment manufacturer (OEM) parts; 	Ford	Very Good	SUV	311	Diesel	Yellow	2023-08-03	3593.80	860241229	user18			
8VB5KTBJX2A046744	W5500 TILTMASTER	2007	great engine; 	Chevrolet	Excellent	SUV	323	Natural Gas	Beige	2023-01-11	2424.44	006502052	user11	2023-02-14	416352320	owner
A2NH51AUNR4312326	RAM 2500	2009	great engine; 	Dodge	Good	SUV	360	Diesel	Turquoise	2022-12-17	7843.77	595283241	user10	2023-03-19	349754202	user25
A35CVWAPCGY561956	NAVIGATOR	2002	super new ignition system; broad wheelbase; 	Lincoln	Excellent	SUV	330	Hybrid	Bronze	2023-04-20	1501.72	732317837	user09	2023-06-12	784939607	user06
A46MVF2CB4I965254	VERACRUZ	2012		Hyundai	Excellent	Truck	291	Gas	Tan	2023-07-10	18320.99	753836489	owner			
A4LJMRR8IYC935453	DEFENDER	2012	supernew catalytic converter; 	Land Rover	Very Good	Coupe	227	Gas	Brown	2023-05-07	9154.39	313904048	user18	2023-07-18	355956538	user19
A51QFDDJ7J7514581	KA	2006	can be used as sports car; 	Ford	Fair	Coupe	377	Fuel Cell	Turquoise	2023-05-18	4186.90	934237940	user13	2023-05-29	563576825	user16
A67JHQ2EJUP880876	ELANTRA	2002		Hyundai	Fair	Sedan	166	Gas	Black,Gold	2022-08-28	3655.26	047228901	user18	2023-03-19	983685043	user06
AA0LZIX8DGI937291	POINTER	2002		Volkswagen	Excellent	Minivan	195	Gas	Black	2022-10-02	5850.06	631146418	user13	2023-01-27	480355246	user23
AAHKBQNPZ5Q155263	NSX	2005	automatic transmission; 	Acura	Fair	Minivan	215	Plugin Hybrid	Yellow	2022-07-19	3179.08	903089507	user15			
AB7D5GUATWA988114	TRIBUTE	2003	hydraulic brakes; 	MAZDA	Good	Coupe	394	Diesel	Pink	2022-10-23	1631.33	491580595	user20			
AE23FNQ4ECZ859800	COOPER	2012	wide transaxle; 	MINI	Good	SUV	317	Gas	Blue	2023-01-31	4343.36	945585317	user15			
AG15D1BT811693167	ARNAGE	2008	drive shaft; 	Bentley	Fair	Convertible	190	Gas	Silver	2023-01-18	5694.51	798921658	user07	2023-01-26	891541922	user06
AJC7BO3XDGF951357	CBR600RR	2012	very hard struts; 	Honda	Excellent	SUV	335	Gas	Cream	2022-10-01	11488.95	613205626	user15	2023-04-14	917146407	user04
AKEXMUEW2XP076382	EMGRAND L	2021	convertible; 	Geeley	Very Good	SUV	384	Gas	Gray	2023-02-20	6338.49	971509095	user15	2023-07-31	033375455	user04
AKWG2XQFZ8Z338505	NP300	2011	crankcase; 	Nissan	Good	SUV	275	Hybrid	White	2022-09-15	5225.87	532449344	user13			
ALPWS6CXQO6590947	OUTBACK	2005	no backfire/backfiring; 	Subaru	Fair	Convertible	195	Gas	Beige	2023-01-31	4596.52	811807619	user10	2023-06-01	321594201	user25
AUP647YMZFB601236	MKS	2014	drum brake; 	Lincoln	Fair	Coupe	315	Gas	Maroon	2022-10-31	3250.48	106986447	user24			
B03S4ENKKNP478278	ES8 NEW	2023	innovative air bags; no backfire/backfiring; 	Nio	Very Good	CUV	324	Gas	Gold	2023-02-09	10902.94	778214839	user20	2023-03-23	138971205	user19
B5P0N13LMX0012355	COMMANDER	2006	best sedan; 	Jeep	Fair	SUV	279	Gas	Navy	2023-04-16	6871.00	171405708	user17			
B618X4DTE8R162599	599 GTO	2011	very hard struts; oversteer; 	Ferrari	Very Good	CUV	278	Gas	Cream	2023-01-04	12326.43	381212216	user12	2023-07-27	249565760	user03
BD1DYEOR4HZ412125	COOPER	2010	broad wheelbase; 	MINI	Very Good	SUV	343	Gas	Pink	2023-05-01	4187.77	565447868	user20	2023-08-19	938929270	user25
BQS2CJ56IBQ176739	REGAL	2004	modern dashboard; disc brake; 	Buick	Very Good	Van	365	Fuel Cell	Tan	2023-02-23	2372.18	934237940	user11	2023-07-21	406460369	user16
BXQH0W1NGWT830685	R1S	2023	drive shaft; 	Rivian	Very Good	CUV	251	Gas	Green	2023-02-12	30724.61	722473507	user15	2023-03-31	861158388	user23
C2RVH3HKPQZ794006	535I GT	2012	manual transmission; active safety features; front axle assembly; 	BMW	Good	Minivan	191	Gas	Turquoise	2022-10-23	13532.98	823731374	user18	2023-03-28	983685043	user25
CB65LOSQY7V342457	V12 VANTAGE	2013	automatic transmission; 	Aston Martin	Good	Convertible	179	Gas	Turquoise	2022-12-28	4576.65	084398382	user09	2023-06-28	303794079	user03
CIKZXLNQWQ3050265	EXIGE	2008	manual transmission; 	Lotus	Excellent	Truck	299	Gas	Brown,Maroon	2023-05-31	8880.21	003094340	user15	2023-06-12	559983722	user06
CN2YIBCUFSQ512071	LX470	2005	automatic valves; 	Lexus	Good	Convertible	179	Gas	Brown,White	2022-07-14	11840.89	843028835	user24	2023-01-07	801084912	user19
CO7AJWOLKX5663458	SIERRA 1500 HD	2005	sturdy rear axle assembly; 	GMC	Good	SUV	397	Battery	Claret	2022-07-05	1727.51	692263332	user02			
CRB7J3UXZ61575642	EMGRAND S	2021	unibody construction; overdrive; high block; 	Geeley	Excellent	CUV	382	Hybrid	Blue	2023-02-12	19647.42	087754715	user13	2023-06-08	867022384	owner
CSNPRAPWVLK077155	EVORA	2012	original equipment manufacturer (OEM) parts; 	Lotus	Very Good	Truck	301	Gas	Brown	2023-05-10	7648.40	804412234	user21			
CTHLSVQRDHK945534	VANDEN PLAS	2004	rack and pinion steering; automatic torque converter; 	Jaguar	Very Good	CUV	221	Gas	Beige	2023-01-02	6738.97	804908519	user11	2023-03-25	778214839	user16
CXQF7TZKIH0415109	RL	2010		Acura	Fair	Truck	253	Gas	Bronze	2022-12-19	3069.14	510679263	user07	2023-08-10	131693048	user23
CYQY2QF8RNA506595	DISCOVERY	2015	autotachometer; power train; 	Land Rover	Good	Coupe	227	Gas	Purple	2022-11-25	4980.83	181883107	user02			
DD7UUCMRURY754125	CAYENNE	2003	minivan; 	Porsche	Excellent	Van	307	Diesel	Black,Cream	2023-06-27	3752.18	753836489	user11			
DKYDDY0GPGN009571	ELANTRA	2003	crumple zones; 	Hyundai	Good	Convertible	186	Gas	Cream,Metallic,Purple	2023-03-23	4615.86	018533690	user02	2023-05-26	732317837	owner
DLCCHFQS6JE933115	GS-6 PROS	2023	wide cam; high block; 	Karma	Good	Minivan	222	Hybrid	Black	2023-02-04	21262.24	666306027	user11	2023-03-28	626322844	owner
DLDOWAZWISG772813	ML550	2009	hydraulic brakes; 	Mercedes-Benz	Excellent	Coupe	352	Gas	Brown,Tan	2022-12-11	8522.45	181883107	user12			
DOR3YLSX4O5307917	S8	2003	rear wheel drive; 	Audi	Good	CUV	283	Gas	Bronze,Green,Turquoise	2023-02-11	1383.31	566053758	user02	2023-04-09	084398382	user23
DQ5QCUL84PJ297334	TJ	2005	power train; 	Jeep	Good	Convertible	162	Hybrid	Copper	2022-12-08	7191.16	845147047	user15	2023-05-08	156194593	user06
DTPFWL37FTZ702472	ML63 AMG	2014	super new ignition system; front wheel drive; power train; 	Mercedes-Benz	Very Good	Van	347	Gas	Navy	2022-10-26	18928.51	867493304	user11	2022-11-20	043141609	user25
DXFJFHB2O8J213290	EXPRESS 3500	2004	crankcase; 	Chevrolet	Fair	Sedan	236	Plugin Hybrid	Maroon	2023-07-05	5515.20	482042583	user09	2023-07-11	753836489	user25
E40MBYWNZSL194135	SHARAN	2006	sturdy rear axle assembly; 	Volkswagen	Very Good	Minivan	209	Gas	Bronze	2023-06-02	4286.51	203112624	user24			
ECEPA3GAEIK299733	XLR	2009	can be used as sports car; 	Cadillac	Excellent	Truck	254	Plugin Hybrid	Maroon	2023-07-27	4531.68	189578947	user17	2023-08-11	624839974	user06
EE1BIYLSYRH856452	GS-6	2021		Karma	Good	Convertible	170	Gas	Black,Gray,White	2023-04-15	9728.48	334676702	user18	2023-07-19	740611372	user06
EIA3R8DZFZH945841	OUTLANDER	2005		Mitsubishi	Fair	Sedan	235	Battery	Yellow	2023-01-03	4342.29	811807619	user07	2023-06-10	629812240	user16
ETXMDO17CH5710002	QX80	2015	manual transmission; 	INFINITI	Fair	Convertible	158	Gas	Tan	2023-02-26	3479.09	171405708	user13	2023-08-16	131693048	user04
EURVOJ6RTMZ196274	4C	2015	gap; 	Alfa Romeo	Very Good	Sedan	206	Battery	Pink	2022-09-21	8147.70	291505280	user02			
F7LIAJMEUB4950361	R1T	2023	best possible traction; 	Rivian	Fair	CUV	233	Gas	Metallic	2022-09-01	10442.48	685291728	user17			
FBQBTRRHZVG159504	GALLARDO	2011	high quality carburetor; 	Lamborghini	Very Good	Minivan	182	Gas	Beige	2023-01-16	3053.40	349754202	user02	2023-05-31	624839974	user19
FBW1SNMBJRO366159	MITO	2015	unibody construction; anti-lock brake system (ABS); wide cam; 	Alfa Romeo	Excellent	Convertible	173	Gas	Blue	2022-08-17	6915.28	303794079	owner	2022-10-20	058642805	user19
FC6FEI1DRRR729956	SEDAN	2002	great rpms; 	Volkswagen	Excellent	Convertible	180	Hybrid	Claret	2022-07-15	3552.07	524692391	user21	2023-02-16	313904048	owner
FLTEHVIT7TR845477	A3	2007		Audi	Good	CUV	357	Diesel	Copper,Green,Yellow	2023-01-29	5600.49	181883107	user20	2023-06-05	913927038	user23
FPS6SWVNJ46262208	SANTA FE	2002	high volume cylinder; great engine; 	Hyundai	Excellent	Minivan	219	Gas	Yellow	2023-01-09	3135.14	180557460	user07	2023-06-28	329866577	user03
FTU4SK7135C710080	S	2012	best oil pump; 	Tesla	Very Good	SUV	391	Hybrid	Bronze	2022-09-14	6804.90	963631015	user24	2023-05-27	316142239	user04
G3GBYJSRTYT942116	535I	2009	automatic safety features; electronic transmission; super new ignition system; 	BMW	Excellent	Coupe	397	Battery	Aluminum	2022-08-17	10509.04	171405708	user07	2023-02-02	754703247	user23
G3UZL1VEZEM344261	REGAL	2003	sturdy rear axle assembly; 	Buick	Excellent	Convertible	185	Hybrid	Brown	2022-09-22	2099.55	279776839	user17			
G4PAVREW7K2826838	DB9	2012	automatic transmission; 	Aston Martin	Very Good	Coupe	324	Gas	Blue	2022-12-17	10959.72	416352320	user17	2023-07-03	804412234	user04
GDXK0JVJI0R636667	FM-SP	2002		Mitsubishi	Very Good	Sedan	154	Hybrid	Aluminum,Black,Red	2023-08-15	1912.34	006351430	user13	2023-08-22	139932987	user16
GH8SBHTMEBB721980	GRANDE PUNTO	2007	rear wheel drive; supernew catalytic converter; great stabilizer bar; 	FIAT	Very Good	Van	351	Gas	Copper	2022-11-10	9404.22	416352320	user18			
GHMZYD6YMKB413330	PATHFINDER	2006		Nissan	Excellent	Convertible	163	Gas	Blue,Silver	2022-10-16	2864.49	006502052	user17			
GJWDBBORYJD234673	TSURU	2006		Nissan	Fair	Minivan	195	Gas	Silver	2023-06-14	8834.46	988602508	user09	2023-07-29	847939559	user16
GMBNKKL7OGQ240104	DB9	2013	sturdy rear axle assembly; automatic safety features; pickup; 	Aston Martin	Excellent	SUV	355	Fuel Cell	Purple	2022-10-09	10936.57	321594201	user15			
GMLZ3HXD33V025329	M45	2003		INFINITI	Excellent	Convertible	167	Battery	Purple,White	2023-06-22	1314.33	595283241	user02	2023-07-05	938929270	owner
GR0RVMPW4XI181018	REGAL	2002	detail; 	Buick	Excellent	Convertible	196	Gas	Black	2023-02-07	1662.35	234661232	user13	2023-03-07	009295495	user06
GTBYGLSYL1E755778	ALMERA	2004	minivan; four-wheel drive; 	Nissan	Good	Sedan	223	Gas	Brown	2022-08-08	3275.39	566053758	user24	2023-08-26	861158388	user03
GUSD5Z52ID6316641	CTS	2007	automatic transmission; pickup; 	Cadillac	Fair	Van	294	Gas	Pink	2023-04-01	5742.98	171405708	user13			
H0M0QQ4Q0FN101290	EMGRAND	2021		Geeley	Excellent	Convertible	179	Gas	Cream,Navy	2022-07-30	30198.71	283775388	user18	2022-11-01	131693048	user03
H2032G2DS5D863208	XC70	2009	innovative air bags; wide transaxle; 	Volvo	Excellent	Minivan	241	Diesel	Cream	2023-02-12	12188.28	903089507	user20			
H3NLVG1FUZX147919	PACIFICA	2008		Chrysler	Fair	CUV	277	Gas	Gold	2022-12-22	9163.91	510679263	user18	2023-04-26	633816225	owner
HD1EA820DKW043837	CAYMAN	2015		Porsche	Good	SUV	247	Gas	Red	2023-06-15	11483.78	410614165	user07			
HSJNIY2UV32447249	ZDX	2013	small spark plug gap; 	Acura	Fair	Minivan	194	Gas	Red	2023-01-22	12512.04	591437032	user18	2023-05-11	334676702	user06
HV4CWSMM84O846378	MURANO	2013	front wheel drive; 	Nissan	Good	Convertible	172	Fuel Cell	Blue	2023-02-10	18840.21	715402425	user10	2023-06-15	754703247	user04
I3M7NWUR0GJ946930	CIRRUS	2002	great engine; modern dashboard; engine displacement; 	Chrysler	Good	Van	309	Plugin Hybrid	Green	2023-08-10	1093.02	715402425	user11			
I7B0O1H2OO8586909	BOXSTER	2006	original equipment manufacturer (OEM) parts; oversteer; 	Porsche	Good	SUV	341	Gas	Tan	2023-01-01	7756.28	480355246	user24	2023-07-04	480355246	owner
IESD5FO6UYK261715	EVORA	2011	ultra new transmission; 	Lotus	Very Good	Coupe	314	Gas	Red	2023-08-14	7381.46	033375455	user21			
IFBMBJ1L600560567	RAM 1500 TRUCK	2007	engine displacement; 	Dodge	Very Good	Truck	274	Hybrid	Orange	2023-03-07	4722.46	725273337	user07			
IGCYVATVIYZ078682	C70	2011		Volvo	Fair	SUV	436	Gas	Brown	2023-03-19	5142.25	524692391	user12	2023-08-18	580630500	user23
IQV1YQ3IV7V327698	MATIZ	2011		Chevrolet	Very Good	SUV	353	Gas	Green,Turquoise	2023-02-16	4969.07	307192832	user05	2023-05-19	591437032	owner
ITNTBT3I3K1112168	300C	2014	overdrive; 	Chrysler	Excellent	Truck	329	Gas	Brown	2022-07-20	17317.89	526404326	user13	2023-06-15	510679263	user16
IVZVZYNIOWU741253	SAVANA 4500	2013		GMC	Excellent	Minivan	192	Gas	Metallic	2023-01-23	7749.18	139932987	user13			
IZ7QWUEGB3H617828	300M	2003	detail; 	Chrysler	Very Good	Coupe	237	Plugin Hybrid	Gray	2023-08-15	1572.80	491580595	user15	2023-08-23	031943406	user06
JCDM7P6FYYP189674	X6	2008	rear wheel drive; air filtration system; 	BMW	Fair	Convertible	193	Gas	Black,Gold,Pink	2023-03-07	2690.50	843028835	user10			
JDZCMB67NYJ067633	PANAMERA	2011	all passive safety features; 	Porsche	Good	CUV	240	Diesel	Red	2023-01-10	5386.66	983685043	user09	2023-05-21	538226089	user25
JQA3ZA51WW8465344	PATHFINDER	2003	wide chassis; 	Nissan	Good	CUV	239	Gas	Copper	2022-09-11	1734.99	275817531	user21			
JUU4F0TYK4A947289	ELISE	2006		Lotus	Excellent	Convertible	190	Gas	Gray,Metallic	2022-07-08	2502.00	313904048	user11			
JVQ8ZELPGF5916074	PALIO	2008	no redline; 	FIAT	Fair	Minivan	219	Gas	Tan	2023-05-04	3530.16	913927038	user24			
KEQ2CFPH7RO593605	VAN 1000	2008	broad wheelbase; 	Dodge	Excellent	Van	276	Fuel Cell	Rose	2023-08-30	8625.87	291505280	user11	2023-08-30	072491401	user25
KG8BHN0NTUF642399	RIO5	2010	high block; 	Kia	Very Good	Convertible	151	Hybrid	Claret	2022-10-14	4888.24	631146418	user24			
KKEJDR1DEYM433866	RX400H	2008	high torque; small spark plug gap; 	Lexus	Excellent	Sedan	177	Gas	Navy	2023-07-16	10745.69	047228901	user18			
KLE3XPYFTO6494665	TIBURON	2003		Hyundai	Excellent	Truck	307	Gas	Pink	2023-08-19	2535.54	811807619	user10			
KPDR2Q24D25119360	ES8 NEW	2023		Nio	Good	Minivan	249	Gas	Metallic	2022-11-02	10926.52	381212216	user24	2023-02-09	954824113	user23
KUG7KOVDXOY323266	MP4-12C	2013	sport utility vehicle-SUV; 	McLaren	Fair	Coupe	263	Gas	Rust	2023-06-07	5180.58	022691032	user15	2023-08-10	556570812	user23
KZ0SACUMQTT627927	DBS	2012	air filtration system; 	Aston Martin	Fair	Convertible	176	Gas	White	2022-07-30	3988.54	811807619	user07	2023-08-02	025917237	user06
L7OR57TJ78J722023	A4 QUATTRO	2011	high quality carburetor; 	Audi	Good	SUV	389	Battery	Navy	2023-07-02	3377.16	377287634	user15	2023-07-29	538226089	user03
LBOZN1LVD46821421	918 SPYDER	2015	very hard struts; 	Porsche	Very Good	Coupe	267	Gas	Blue	2022-08-30	13647.50	203112624	user09	2022-11-05	921649804	owner
LEDF5CRGFJL596318	WRANGLER	2010	high torque; 	Jeep	Fair	Minivan	190	Gas	Yellow	2022-12-12	5415.04	531825735	user17			
LEL1EDGLIJB218949	RANGE ROVER SPORT	2006	broad wheelbase; 	Land Rover	Fair	Sedan	167	Gas	Purple	2022-10-08	2522.87	532449344	owner	2022-11-07	477077414	user04
LEQEZHIL372503269	GIULIETTA	2014	best sedan; 	Alfa Romeo	Very Good	Minivan	242	Gas	Navy	2022-10-20	12083.70	101246549	user05			
LGC76I73Q43597619	GRANTURISMO	2010	drive shaft; four-wheel drive; 	Maserati	Very Good	Coupe	234	Battery	Brown	2023-08-07	4963.40	895019355	user10	2023-08-19	216554083	user03
LLAES6UX7PE080692	RANGE ROVER EVOQUE	2013	great engine; 	Land Rover	Excellent	CUV	279	Gas	Black,Blue	2022-09-22	14715.97	565447868	user12			
LLUBKYOAHHE880633	SEDONA	2006	modern dashboard; 	Kia	Very Good	Convertible	177	Gas	Bronze,Copper,Yellow	2022-09-06	5000.61	171405708	user11			
M07I6J8WOKL966353	BEETLE	2010	broad wheelbase; 	Volkswagen	Excellent	SUV	264	Gas	Black,Gold,Gray	2022-12-26	3625.13	480436640	user05			
M0LLCXP5H7J310101	LACROSSE	2007	front axle assembly; 	Buick	Excellent	Sedan	116	Gas	Purple	2022-07-06	3284.10	798921658	user07	2022-07-26	769826911	user03
M1HFENPSVSL450248	XINGYUE L	2022	high differential; 	Geeley	Excellent	Minivan	213	Diesel	Silver	2023-02-06	10551.19	531825735	user15	2023-07-29	823731374	user19
M1VVHWPORQR461359	ROADSTER	2009	air filtration system; 	Tesla	Excellent	Van	273	Gas	Metallic	2023-06-29	12758.92	778214839	user11	2023-07-09	804412234	user19
MD18NLSWMB4832949	LACROSSE	2008		Buick	Very Good	SUV	405	Gas	Orange	2022-10-11	3480.58	672131657	user10	2023-05-14	303794079	user16
MFCEDCRIYU1438485	ELISE	2005	manual transmission; 	Lotus	Excellent	Sedan	101	Gas	Gold	2023-03-12	2159.58	965594555	user07	2023-08-28	823731374	user04
MGIHKQRZQ3I865167	OUTBACK	2006	small spark plug gap; 	Subaru	Very Good	CUV	295	Gas	Rose	2022-09-13	5327.38	779146875	user02	2023-04-07	589074337	user06
MKBNHXQ0YCV993030	FM-SP	2002		Mitsubishi	Good	Minivan	252	Gas	Rose	2022-08-17	1912.34	804908519	user20	2023-04-14	410614165	owner
MLQIF1Z0TMV429595	ES350	2010		Lexus	Excellent	Van	316	Battery	Pink	2023-04-15	19135.73	677936515	user07	2023-08-02	087754715	user23
MO22767RXSI895117	NSS250 REFLEX	2005	hydraulic brakes; 	Honda	Fair	Coupe	350	Gas	Cream,Gray	2023-06-24	5513.42	977074594	owner	2023-08-20	161721159	user16
MQY15YFZ5CB825109	RANGE ROVER EVOQUE	2015		Land Rover	Good	Van	331	Gas	Beige	2023-02-13	16163.48	585189026	user07			
MXQN4LATRKB695732	C6500 TOPKICK	2002	wide chassis; 	GMC	Excellent	Van	352	Gas	Aluminum	2022-09-17	4229.97	980497412	user24			
N5NZQJ4VDI0775398	CONTINENTAL	2014	high differential; 	Bentley	Excellent	Sedan	113	Gas	Cream,Green	2023-06-25	13549.32	307192832	user07	2023-08-20	615376231	user16
N6N74WLAP33523834	RL	2010	super new ignition system; 	Acura	Fair	Convertible	164	Gas	Turquoise	2023-01-05	3088.32	510679263	user24	2023-07-20	018533690	user16
N6SHU6PIZHU230217	4C	2015	active safety features; 	Alfa Romeo	Good	SUV	337	Gas	Maroon	2023-08-20	8082.19	725273337	user15	2023-08-25	321594201	user04
N7Z650PTGIP247286	C70	2004	coupe; front wheel drive; 	Volvo	Fair	SUV	290	Gas	Blue	2023-06-14	2636.21	159645355	owner	2023-07-31	834769864	user23
NEWE3K53GY7625960	RAM 1500	2004	hatchback; good piston; 	Dodge	Very Good	Truck	322	Battery	Turquoise	2023-04-11	2417.00	006502052	user07			
NG2R81BAMWW204013	R1T	2023	engine displacement; 	Rivian	Very Good	Convertible	189	Gas	Copper	2023-07-22	10455.70	712329540	user24	2023-08-31	002868452	user25
NR0UX0H7C2C321461	ESCALADE ESV	2009		Cadillac	Fair	Van	317	Plugin Hybrid	Brown	2023-02-15	12009.36	895019355	user10	2023-02-21	591437032	user19
NR8MRVX5E8D221451	SPARK EV	2014		Chevrolet	Good	Convertible	196	Gas	Claret	2022-10-01	5800.05	746564763	user02			
NVE4BVYKKN4430875	SPACE STAR	2004	great rpms; 	Mitsubishi	Fair	Truck	315	Diesel	Copper	2023-01-04	2750.74	977074594	user05	2023-03-30	843028835	user25
OJ3FX6U8I0E468699	VANQUISH	2002	front wheel drive; 	Aston Martin	Excellent	Convertible	188	Diesel	Rose	2023-01-21	1053.77	234661232	user10			
OPBJWWEIHPI797081	ELISE	2009	automatic safety features; 	Lotus	Good	CUV	283	Gas	Claret	2023-02-24	3450.14	047228901	user07	2023-04-29	559840282	user19
OQ11DGF6RTF163062	TRIBUTE	2005	broad wheelbase; 	MAZDA	Fair	Truck	277	Battery	Claret,Pink	2023-03-07	2330.50	874758244	user05			
P6MQEVF1IQJ610623	K1600GT	2014	best suspension; 	BMW	Good	Sedan	230	Gas	Blue	2022-11-28	4427.73	526404326	user18	2023-03-09	585189026	user16
PBESRWYTH82112725	RENDEZVOUS	2006	no redline; 	Buick	Very Good	Minivan	246	Gas	Black	2023-06-20	2271.55	457885161	user24	2023-08-14	025917237	user23
PEFFRGBZ281543143	GRANTURISMO	2014	wide cam; 	Maserati	Good	Convertible	192	Gas	Orange	2023-07-01	5325.93	860241229	user13	2023-07-18	615376231	owner
PIA08DCAJZT422690	LACROSSE	2014	best radiator; 	Buick	Excellent	CUV	327	Hybrid	Tan	2022-11-04	4193.00	334676702	user05	2022-11-13	874758244	user23
PLT6LAJER3K107458	G9	2022		XPeng	Fair	Van	346	Diesel	Gray	2023-01-22	13947.77	006502052	user05	2023-06-25	202765813	user06
PPL8CACMUCW104005	FORTWO	2010	high volume cylinder; 	smart	Excellent	Truck	330	Gas	Claret,Rose	2022-08-01	9118.35	334676702	user17			
PPVYLZRPFEV326028	CSX	2010	wide cam; 	Acura	Very Good	CUV	271	Gas	Rust	2022-11-13	10231.69	575329711	user21	2023-04-04	801084912	user19
PX3EBB0J75G953864	XK8	2002	convertible; very hard struts; air filtration system; 	Jaguar	Excellent	Minivan	255	Gas	White	2023-03-30	5226.16	307192832	user09			
PXCNI2OSD7O895646	FG140	2006	manual transmission; 	Mitsubishi	Very Good	Minivan	205	Gas	Turquoise	2022-07-16	10365.45	190151970	user15	2022-10-06	845147047	user25
PYPAPD46NJL873425	FORTWO	2015	rear wheel drive; 	smart	Very Good	CUV	344	Gas	Blue	2023-02-17	10396.33	003094340	user18	2023-06-03	043141609	user23
PZEF1VF3KOO767751	R1S NEW	2021	best sedan; 	Rivian	Very Good	Truck	336	Gas	Orange	2023-01-30	18331.93	804908519	user10	2023-05-08	971509095	owner
PZF7JY7KVUR182613	FORFOUR	2005	wide transaxle; hatchback; 	smart	Excellent	SUV	306	Gas	Brown	2023-01-10	2764.49	240171065	user05			
Q2P2LK1ILHI808826	BAJA	2004	high quality carburetor; supernew catalytic converter; 	Subaru	Fair	Truck	273	Gas	Rose	2023-06-07	6245.25	087754715	user05	2023-07-02	009295495	user03
Q60GMZWT47I158333	GRANSPORT	2006	wide chassis; 	Maserati	Excellent	Coupe	347	Hybrid	Maroon	2023-03-19	3820.77	575054568	user21	2023-05-01	395276449	user16
Q7YZUDKENN4246098	325XI	2005		BMW	Very Good	Truck	264	Diesel	Silver	2023-05-01	2575.77	116667329	owner			
Q8DL7A5M6DW706622	A6 QUATTRO	2003	rack and pinion steering; 	Audi	Excellent	Van	281	Gas	Copper	2022-08-02	4082.22	891541922	owner	2023-03-15	556570812	user04
QEQSOYDPWY5042665	MITO	2015	good piston; 	Alfa Romeo	Excellent	Truck	265	Battery	Yellow	2022-11-12	6876.32	022691032	user18	2022-12-30	624839974	owner
QH3G5SMTWL1655432	FORTWO	2011	disc brake; check the Monroney sticker - theer is nothing better than this vehicle; high block; 	smart	Good	Sedan	119	Gas	Maroon	2023-01-15	9254.13	189578947	user09	2023-08-09	203112624	user16
QHAPGD3YQSF045388	GS-6	2023	engine displacement; 	Karma	Very Good	Sedan	213	Gas	Blue	2023-07-09	13629.67	510679263	user09	2023-08-23	446640568	user23
QPWTK3WNUF0594711	ML350	2005	good gear; power train; 	Mercedes-Benz	Excellent	Minivan	191	Gas	Rose	2023-01-31	7829.70	139932987	user20	2023-08-18	955155656	user06
QRDJE8YRD8U529603	GS-6 PROS	2023		Karma	Excellent	Truck	343	Gas	Purple	2023-04-23	21188.26	072491401	user13	2023-07-03	740611372	user03
QWJUBFUE74W190495	LEGACY	2013	disc brake; 	Subaru	Good	SUV	243	Plugin Hybrid	Navy	2023-07-21	7471.80	216554083	user18	2023-08-12	116667329	user16
R6O7MCNZEA0553701	LFA	2012	great stabilizer bar; gap; normally aspirated; 	Lexus	Good	Convertible	169	Gas	Metallic,Pink	2022-08-09	5992.50	477077414	user10	2022-11-04	381212216	user23
RBSQUJWFZ4A708786	TSUBAME	2004	normally aspirated; fuel injection; gap; 	Nissan	Very Good	Convertible	194	Diesel	Blue	2023-01-06	2460.82	945585317	user20	2023-02-24	058642805	user04
RCL5Y4CCCUM867263	RANGE ROVER SPORT	2006	original equipment manufacturer (OEM) parts; 	Land Rover	Very Good	CUV	280	Plugin Hybrid	Blue	2022-10-19	2495.28	629812240	user10	2022-10-27	563576825	user06
RJFS2TGCIQ3754282	MKX	2010		Lincoln	Good	Convertible	179	Gas	Pink	2023-01-09	3575.33	500034298	user11			
RLDE4ATQ47P565906	INTREPID	2004	rack and pinion steering; best suspension; 	Dodge	Excellent	Minivan	237	Gas	Purple	2023-07-10	2281.52	566053758	user20	2023-08-19	934237940	owner
RLRM7DYGMQU101483	F650	2002		Ford	Fair	CUV	224	Hybrid	Gold,Silver	2022-09-09	5039.04	913927038	user21			
RO4NPMLPRAU291778	370Z	2009		Nissan	Very Good	SUV	288	Gas	Turquoise	2023-08-23	12198.53	715402425	user07	2023-08-26	850547815	user19
RQT7QTVEXT0674936	V8 VANTAGE	2014	original equipment manufacturer (OEM) parts; pickup; 	Aston Martin	Excellent	Minivan	240	Gas	Aluminum	2023-06-12	17853.42	904213466	user02	2023-06-30	321594201	owner
RYY32CGB7QR718629	G9	2020	normally aspirated; 	XPeng	Good	Minivan	182	Gas	Bronze	2022-11-05	10497.28	190151970	user05	2022-11-06	289098127	owner
S3OPBKGXWAZ659884	V40	2003	wide transaxle; 	Volvo	Very Good	CUV	307	Gas	Yellow	2022-07-22	3363.56	482042583	user12			
SAK8I3JJ105230630	EXIGE	2008	supernew catalytic converter; all passive safety features; detail; 	Lotus	Good	Minivan	215	Gas	Pink	2023-03-27	8938.94	692263332	owner	2023-05-01	630990970	user03
SD2X8HRQ6LA547754	300M	2004	wide transaxle; 	Chrysler	Fair	CUV	318	Plugin Hybrid	Rust	2022-10-21	1803.58	329866577	user21	2023-07-09	629812240	user25
SDRDJVHRDEY589102	RL	2006		Acura	Very Good	SUV	291	Gas	Yellow	2023-07-31	2199.26	694670985	user13			
SJTYF7S2DOK527698	PANAMERA	2010		Porsche	Good	Sedan	233	Gas	Blue	2023-05-29	5389.30	591437032	user11			
SR4SDAVQ7PE310529	SOLARA	2005	unibody construction; super new ignition system; 	Toyota	Fair	CUV	329	Gas	Red	2023-04-18	5374.60	938929270	user24	2023-06-05	480355246	user06
T00X580HYD6011764	A5 QUATTRO	2011	small spark plug gap; best oil pump; 	Audi	Very Good	Truck	303	Gas	Brown,Claret,Rose	2023-04-07	17422.69	157634981	user11			
T243JSSHR0A986592	ELISE	2007	super new ignition system; 	Lotus	Fair	Sedan	190	Gas	Navy	2023-04-09	2866.02	895019355	user12	2023-05-19	556187762	user23
T4ZU00SL0FM541576	CANYON	2005	broad wheelbase; automatic safety features; 	GMC	Fair	Truck	311	Diesel	Black	2022-12-05	4583.01	524692391	user02	2023-03-16	116667329	user19
T5C2LPXJ6EV337528	G9	2021		XPeng	Good	Coupe	263	Gas	Red,Silver	2023-07-12	11635.06	143539190	user02	2023-08-16	804412234	owner
T7QN0RYWNOR420799	MP4-12C	2014	wide transaxle; 	McLaren	Good	CUV	314	Gas	Rust	2022-10-05	5338.42	291505280	user09			
TC4853NNGV8281503	SUBURBAN 1500	2011		Chevrolet	Good	Minivan	199	Natural Gas	Turquoise	2022-12-15	6739.98	170197151	user13	2023-04-05	945585317	user04
TNKMV3WVVH4431089	ES8 NEW	2023	best oil pump; ultra new transmission; 	Nio	Very Good	Coupe	294	Gas	Orange	2022-07-27	10912.37	861158388	owner	2022-08-15	283775388	user23
TPH6V84MCP2752251	COBALT	2010	anti-lock brake system (ABS); 	Chevrolet	Excellent	Sedan	120	Gas	Copper	2022-09-19	4199.62	171405708	user18	2022-11-23	116667329	user25
TSKEZMWTN2C772047	S40	2004	electronic transmission; 	Volvo	Excellent	Minivan	213	Gas	Metallic	2022-07-19	2028.17	416352320	user13	2023-01-03	031943406	user04
TSZ1KL4E1GB345118	DEFENDER	2012	modern dashboard; 	Land Rover	Good	CUV	368	Gas	Blue	2022-09-27	9067.01	626322844	user12			
TVGHAGV52ZK295053	G20	2002	sturdy rear axle assembly; 	INFINITI	Very Good	Sedan	154	Hybrid	Aluminum,Maroon,Rust	2022-10-26	2688.16	860241229	user21	2023-05-05	003094340	owner
TWQZPGJM4DR331537	M45	2008	no redline; active safety features; 	INFINITI	Good	SUV	241	Plugin Hybrid	Bronze	2023-08-20	2647.96	977074594	user13	2023-08-21	500034298	user04
U73PMGHR3NU905301	PT CRUISER	2006	four-wheel drive; 	Chrysler	Very Good	Minivan	221	Gas	Orange	2023-06-23	3925.87	556570812	user21	2023-07-12	022691032	owner
U7IKYL8F8X4927973	F-250	2004		Ford	Excellent	CUV	252	Plugin Hybrid	Silver	2022-09-27	2517.84	519824004	owner	2023-07-25	480436640	user16
U7KH3BB3QF1504776	C6500 TOPKICK	2005	superturbocharger; 	GMC	Excellent	Sedan	161	Plugin Hybrid	Gray	2023-04-30	7477.74	180557460	user02	2023-07-10	798921658	owner
U8EJ173KSZC747630	DAKOTA	2010	wide cam; 	Ram	Good	Minivan	214	Gas	Bronze	2023-08-25	4272.28	712329540	user20	2023-08-27	006351430	user25
UDE781XTUA1070992	ROADSTER	2009	high quality carburetor; 	Tesla	Very Good	Coupe	366	Gas	Brown	2023-01-17	12675.52	446640568	user09	2023-03-22	031342737	user16
UHNJLMAYL3Z014146	458 SPIDER	2014	great rpms; 	Ferrari	Very Good	Truck	299	Gas	Claret,Rust,White	2022-08-24	8076.92	168032201	user10	2023-08-17	715402425	user04
UJXTQIJ6PUG086494	V8 VANTAGE	2013	best sedan; 	Aston Martin	Good	CUV	239	Gas	Aluminum	2022-11-29	17269.62	804718897	user05	2023-08-29	216554083	user03
UOGYWMEC33D484399	GRANSPORT	2006	broad wheelbase; 	Maserati	Good	Minivan	184	Plugin Hybrid	White	2022-10-20	3882.11	626322844	user18	2023-07-31	159645355	owner
US6XUXEBB7J677669	E250	2012		Mercedes-Benz	Very Good	Sedan	131	Gas	Navy,Orange	2023-06-05	7768.02	489738648	user02			
USQTBTRES6C396411	320I	2005	convertible; 	BMW	Fair	Van	338	Gas	Aluminum,Tan,Yellow	2022-11-24	5883.79	003992833	user13			
UYFIPOJKG8M784198	FREELANDER	2002	good gear; 	Land Rover	Very Good	Sedan	121	Gas	Tan	2022-08-05	3415.04	410614165	user12	2023-04-29	446640568	user04
UZ2261G58WF281968	R1S NEW	2022	best possible traction; 	Rivian	Excellent	Sedan	141	Plugin Hybrid	Purple	2023-07-11	22193.20	860241229	user02			
UZMOJESJGYB516120	MITO	2012	electronic transmission; 	Alfa Romeo	Fair	CUV	303	Gas	Bronze,Cream	2023-07-02	6224.90	303794079	user15	2023-08-25	480355246	user03
V1NVZM13MTZ321642	C32 AMG	2003		Mercedes-Benz	Fair	Minivan	228	Gas	Green,Silver,White	2023-08-13	2012.46	613205626	user20	2023-08-25	067755958	owner
VLYSREO4D36135371	SPIDER	2008	superturbocharger; rear wheel drive; 	Alfa Romeo	Excellent	Convertible	192	Plugin Hybrid	Metallic	2023-02-27	8244.89	556187762	user15	2023-05-13	633816225	user23
VMHK0HNQTW3691881	CC	2013	modern dashboard; 	Volkswagen	Excellent	Van	294	Diesel	Purple	2023-07-16	7443.52	643263338	user15			
VWF36GH8UML053642	STS	2007	superturbocharger; station wagon (Also known as wagon.); safe oil ring; 	Cadillac	Fair	Coupe	324	Plugin Hybrid	Black	2023-01-09	8021.99	190389930	user02	2023-05-12	904213466	user06
VZJVASAMKKS604221	EVORA	2014	best sedan; 	Lotus	Excellent	Sedan	182	Gas	Silver	2022-07-09	7970.48	061387114	user09	2023-08-16	580630500	user03
W2TZ8TM4KYP471843	EQUUS	2013	drum brake; electronic transmission; super new ignition system; 	Hyundai	Excellent	CUV	259	Plugin Hybrid	Gold,Metallic,Tan	2023-02-26	9020.52	685291728	user21	2023-06-24	643263338	user03
W53DF32ONVV569395	EMGRAND S	2019	strong muffler; 	Geeley	Good	SUV	391	Gas	Beige,Pink	2023-06-22	15649.78	633816225	user17	2023-08-03	914475403	user04
WA73P2TB0BO402832	GX470	2003	anti-lock brake system (ABS); 	Lexus	Excellent	Van	271	Gas	Copper	2023-02-16	1757.86	303794079	user21	2023-08-28	929692063	user23
WBMXRC0KFEQ531154	CROSSFOX	2009	super new ignition system; 	Volkswagen	Excellent	SUV	396	Battery	Tan	2022-12-23	5320.60	649248115	user09	2023-06-18	666306027	user16
WJFKT6K3CDS809623	F-TYPE	2014	good gear; sport utility vehicle-SUV; oversteer; 	Jaguar	Excellent	Coupe	393	Gas	Cream	2022-12-31	18845.23	626322844	user18	2023-01-31	615376231	user19
WJN637K4U06642593	COUNTRYMAN	2011	crumple zones; 	MINI	Excellent	Sedan	220	Fuel Cell	Beige,Claret,Pink	2022-11-20	14924.83	006502052	user02			
WUD6UHNVINU339156	A6	2003	great stabilizer bar; 	Audi	Good	Sedan	207	Gas	Rust	2022-08-17	4715.99	801084912	user12	2022-11-28	349754202	user23
WXATONNZWKV888088	456 M GT	2002		Ferrari	Excellent	Sedan	145	Gas	Blue,Purple,Rose	2023-04-10	2120.19	556570812	user24			
X5MLJ3CUPNB099293	G9	2023	very hard struts; 	XPeng	Very Good	Convertible	164	Gas	Turquoise	2023-02-02	16385.13	977074594	user18	2023-03-20	626322844	user06
XCYACD0XN81334516	NV2500	2014	modern dashboard; 	Nissan	Fair	CUV	348	Hybrid	Maroon	2023-03-17	6968.70	416352320	user18			
XEGBS0XOI2N387757	XINGYUE L	2023	air filtration system; 	Geeley	Excellent	Van	369	Hybrid	Purple	2022-12-19	12267.03	934237940	owner	2023-01-06	416352320	user06
XFZA0H1LN1P361906	COOPER PACEMAN	2013	very hard struts; 	MINI	Fair	Convertible	150	Gas	Brown	2023-04-05	8488.70	101246549	owner	2023-07-22	101246549	owner
XLQBDQWBZDN084612	NITRO	2007	automatic valves; 	Dodge	Very Good	CUV	257	Plugin Hybrid	Rose	2022-10-19	5095.13	147820188	user05			
XPUC8ERWM0W803922	SANTA FE	2003	pickup; 	Hyundai	Fair	Sedan	104	Plugin Hybrid	Turquoise	2022-10-20	4010.47	977074594	user21	2022-12-22	804718897	user16
Y033F7MCLW5266860	E400	2015	original equipment manufacturer (OEM) parts; sturdy rear axle assembly; wide cam; 	Mercedes-Benz	Good	SUV	300	Diesel	Aluminum	2023-02-07	6321.07	694670985	user07	2023-07-10	189578947	user16
Y4M46JG6P4R842099	ROUTAN	2011	coupe; minivan; drive shaft; 	Volkswagen	Very Good	Convertible	191	Gas	Claret	2022-07-08	3366.52	725273337	user12	2023-04-02	868715602	user25
Y56Q2GI1LS6727671	MX-5 MIATA	2009	gap; gap; 	MAZDA	Very Good	Sedan	193	Gas	Black	2022-09-12	5633.47	003094340	user10			
YITE7BMX1N7857452	COOPER	2015	no understeer; four-wheel drive; 	MINI	Excellent	Minivan	246	Gas	Bronze,Maroon	2023-08-24	4808.08	913927038	user13	2023-08-31	971509095	user19
YL8S255YJYA054546	FORFOUR	2005		smart	Excellent	Coupe	248	Gas	Rose	2023-04-11	2782.94	834769864	user09	2023-06-16	732317837	user23
YVMVY2BZAR4435152	335I GT XDRIVE	2015	high differential; 	BMW	Very Good	Minivan	199	Gas	Maroon	2023-04-26	3600.83	395276449	user17			
Z0G16U7UDC0331707	DBS	2008	good gear; 	Aston Martin	Excellent	Truck	317	Battery	Yellow	2022-11-15	3412.49	355956538	user09	2023-01-05	249565760	user04
Z1AKLYZDZLY858148	GRANDE PUNTO	2007	no backfire/backfiring; fuel injection; 	FIAT	Excellent	Coupe	309	Gas	Bronze	2022-10-04	9438.13	526591460	user12	2023-02-10	003992833	user04
Z7I1HGSFYSF704101	ASPEN	2007	great rpms; 	Chrysler	Very Good	Truck	256	Natural Gas	Orange	2023-05-18	9548.15	147820188	user11			
ZAGIZGOGIZ6802854	MKZ	2010		Lincoln	Very Good	Coupe	323	Plugin Hybrid	Pink,Tan	2022-09-16	4422.83	033375455	user11	2023-02-25	180557460	user19
ZBSRSJEASBE950499	EOS	2009	drum brake; drum brake; great stabilizer bar; 	Volkswagen	Very Good	Sedan	220	Plugin Hybrid	Gold	2023-02-12	14476.83	190389930	user07	2023-06-21	190389930	user25
ZC1QS3Y7MOM256400	AVALON	2014	safe oil ring; 	Toyota	Excellent	Truck	343	Battery	Aluminum	2022-07-28	5227.95	002868452	user09			
ZJ8V6INQOV2978667	FORTWO	2008	best oil pump; 	smart	Fair	Sedan	201	Plugin Hybrid	Bronze,Tan	2022-08-18	8236.12	025917237	user13	2023-06-30	666306027	user16
ZKE5A1ZF45J937308	MONTERO	2006	station wagon (Also known as wagon.); great stabilizer bar; 	Mitsubishi	Very Good	Truck	290	Gas	Claret	2023-03-31	4702.13	766904975	user17	2023-07-01	002868452	user04
ZO23XPTPQGF782695	QX56	2004	air filtration system; 	INFINITI	Excellent	CUV	386	Plugin Hybrid	Rust	2022-11-16	2553.60	283775388	user18	2023-06-26	563576825	user23
ZPPXCCIV5JU440482	R1S NEW	2023	good piston; 	Rivian	Fair	Truck	314	Battery	Claret	2022-09-08	25780.94	876465935	user13			
ZTFFYASAAMG348199	B2300	2007	best possible traction; 	MAZDA	Fair	Sedan	210	Gas	Rose	2023-01-25	12431.17	580630500	user05	2023-08-04	116667329	user23
ZX85QCBBBIP411923	SEDAN	2004	great stabilizer bar; 	Volkswagen	Good	Coupe	388	Gas	Orange,Yellow	2022-07-27	5052.47	491580595	user24	2023-08-06	886885026	user23
ZZUFHYJV0FI610258	GS-6 PROS	2023	crankcase; innovative air bags; crankcase; 	Karma	Excellent	Van	304	Gas	Beige	2023-01-19	21212.11	329866577	owner	2023-08-11	307192832	user25
